"Asset_Class","Source","n_assets","mean_MSE","median_MSE","mean_MAE","median_MAE","mean_AIC","median_AIC"
"Equity","NF_GARCH",3,0.0559801225270784,0.000773198625882046,0.0247725164270442,0.0196400882473723,-16779.5017064521,-20521.2259010673
"Equity","Standard",3,6.65327515839989,0.00124899041651523,0.176305690514384,0.0232603534794983,-16247.1220832456,-21048.5697816639
"FX","NF_GARCH",3,8.14676440499745e-05,5.28715016861755e-05,0.00641265419972203,0.00530100746212438,-30840.5321645848,-31509.8437710212
"FX","Standard",3,4.54283345482919e-05,3.3297307957778e-05,0.00510518799494098,0.00451548259175802,-31388.1151565577,-32326.2491294199
