"Model","N_Assets","Mean_MSE","Mean_MAE","Mean_AIC","Mean_BIC","Mean_LogLik"
"TGARCH",6,0.000352619357668561,0.0112793660229891,-25490.1424379366,-25451.6514751415,12751.0712189683
"gjrGARCH",6,0.000411248257046973,0.0128229550886813,-27474.0650181722,-27435.5740553771,13743.0325090861
"sGARCH",12,0.000467577549242258,0.0135244910484579,-25189.3693301111,-25160.5011080147,12599.1846650555
"eGARCH",1,0.718525068301419,0.0920867446967219,31837.7685390903,31876.2595018854,-15912.8842695452
