"Scenario_Name","Model","N","NF_GARCH_MSE","Standard_GARCH_MSE","NF_GARCH_MAE","Standard_GARCH_MAE","MSE_Improvement_Pct"
"COVID_2020","TGARCH",6,0.00137174196099888,0.00149018877607356,0.0231314869420452,0.0236294701649371,8.07350618905641
"COVID_2020","eGARCH",4,4.15376727918915e+66,6.36063108412288e+65,1.32667663018229e+32,5.19151488231523e+31,-101.097211961252
"COVID_2020","gjrGARCH",6,0.00130531380474092,0.00127529233645623,0.0232553558529489,0.0223430165431516,-4.38712530965321
"COVID_2020","sGARCH",6,0.00150706332841838,0.00141410018480556,0.0249458977660172,0.0237124669904433,-22.4789185026138
"GFC_2008","TGARCH",6,0.00152265783665185,0.00164544533055419,0.0267307354324683,0.0273728122017828,5.80235667828109
"GFC_2008","gjrGARCH",6,0.00159257909027508,0.00166849276643273,0.0275688714889503,0.0275149801029986,1.4689779115634
"GFC_2008","sGARCH",6,0.00160813677163042,0.00166950441374756,0.0270071275567171,0.02748058106206,4.46777416834227
