"Model","Mean_KS","Median_KS","Mean_Wasserstein","Median_Wasserstein","Mean_Tail_Index","Mean_Skewness","Mean_Kurtosis"
"TGARCH",0.0954068822921282,0.0976222123763107,0.215730590070896,0.213573396685539,2.58999603468252,0.424905513461851,27.86455188624
"eGARCH",0.142827253482991,0.0621030866932507,0.298817339916644,0.158671016743574,2.40401285109927,-0.0111743714512421,79.0060012353707
"gjrGARCH",0.0735735735735736,0.0550140304238665,0.146747258109281,0.141278744510999,3.10641976520463,0.199479356316453,13.0226291819186
"sGARCH",0.071530546940383,0.0728105154334663,0.160314482123227,0.161074288155031,2.9745989682857,0.458159895126448,15.5205376588335
