"Source","N_Observations","Mean_MSE","Median_MSE","Mean_MAE","Median_MAE","Mean_AIC","Median_AIC","Mean_BIC","Median_BIC"
"NF_GARCH",25,0.0291487681832248,0.000319284269996263,0.0159597825579296,0.0121920750030135,-23528.7963263558,-25241.6100567978,-23494.9242790961,-25203.1190940027
"Standard",19,3.50174528626367,0.000190643641792287,0.0952107156367532,0.0116709555045471,-23419.1714337619,-25241.6100567978,-23382.7063111139,-25203.1190940027
