"Model","N","Mean_MSE_NF_GARCH","Mean_MSE_Standard","Mean_MAE_NF_GARCH","Mean_MAE_Standard","Mean_AIC_NF_GARCH","Mean_AIC_Standard","MSE_Improvement_Pct","MAE_Improvement_Pct"
"TGARCH",6,0.000352619357668561,0.000559673107021086,0.0112793660229891,0.0137454998374633,-25490.1424379366,-25490.1424379366,36.9954794602492,17.9413905906338
"eGARCH",1,0.718525068301419,66.5223139166787,0.0920867446967219,1.54717433862132,31837.7685390903,31837.7685390903,98.9198736093254,94.048069283596
"gjrGARCH",6,0.000411248257046973,0.000597494046328343,0.0128229550886813,0.0145061145911386,-27474.0650181722,-27474.0650181722,31.1711539932268,11.6031035869898
"sGARCH",12,0.000467577549242258,NA,0.0135244910484579,NA,-25189.3693301111,NA,NA,NA
"sGARCH",6,NA,0.000650586568502745,NA,0.0153865953175631,NA,-26502.7968406522,NA,NA
