"Model","Confidence_Level","N_Assets","Mean_Exceedance_Rate","Expected_Rate","Mean_Kupiec_pvalue","Mean_Christoffersen_pvalue"
"TGARCH",0.95,6,0.0506008855154965,0.05,1,1
"TGARCH",0.99,6,0.0101201771030993,0.01,1,1
"eGARCH",0.95,6,0.0506008855154965,0.05,1,1
"eGARCH",0.99,6,0.0101201771030993,0.01,1,1
"gjrGARCH",0.95,6,0.0506008855154965,0.05,1,1
"gjrGARCH",0.99,6,0.0101201771030993,0.01,1,1
"sGARCH",0.95,6,0.0506008855154965,0.05,1,1
"sGARCH",0.99,6,0.0101201771030993,0.01,1,1
